<metadata xml:lang="en"><Esri><CreaDate>20171207</CreaDate><CreaTime>10494700</CreaTime><ArcGISFormat>1.0</ArcGISFormat><SyncOnce>FALSE</SyncOnce><DataProperties><lineage><Process ToolSource="e:\program files (x86)\arcgis\desktop10.3\ArcToolbox\Toolboxes\Data Management Tools.tbx\CreateFeatureclass" Date="20171207" Time="104947">CreateFeatureclass E:\code\Spatial\Connections\OPS$GEODATA_D2CS01.sde GEO2017_TRACT_P2G0_A POLYGON G:\\load\\en\\GEO\\2017\\spatial\geo_2017_d_01000_140_00_py_z1-20171010104705.shp SAME_AS_TEMPLATE SAME_AS_TEMPLATE "PROJCS['WGS_1984_Web_Mercator_Auxiliary_Sphere',GEOGCS['GCS_WGS_1984',DATUM['D_WGS_1984',SPHEROID['WGS_1984',6378137.0,298.257223563]],PRIMEM['Greenwich',0.0],UNIT['Degree',0.0174532925199433]],PROJECTION['Mercator_Auxiliary_Sphere'],PARAMETER['False_Easting',0.0],PARAMETER['False_Northing',0.0],PARAMETER['Central_Meridian',0.0],PARAMETER['Standard_Parallel_1',0.0],PARAMETER['Auxiliary_Sphere_Type',0.0],UNIT['Meter',1.0]];-20037700 -30241100 10000;-100000 10000;-100000 10000;0.001;0.001;0.001;IsHighPrecision" ST_GEOMETRY 0 0 0</Process><Process ToolSource="e:\program files (x86)\arcgis\desktop10.3\ArcToolbox\Toolboxes\Data Management Tools.tbx\ChangePrivileges" Date="20171207" Time="104949">ChangePrivileges E:\code\Spatial\Connections\OPS$GEODATA_D2CS01.sde\GEO2017_TRACT_P2G0_A SPATIAL_META2010_RW GRANT AS_IS</Process><Process ToolSource="e:\program files (x86)\arcgis\desktop10.3\ArcToolbox\Toolboxes\Data Management Tools.tbx\RemoveSpatialIndex" Date="20171207" Time="104950">RemoveSpatialIndex E:\code\Spatial\Connections\OPS$GEODATA_D2CS01.sde\GEO2017_TRACT_P2G0_A</Process><Process ToolSource="e:\program files (x86)\arcgis\desktop10.3\ArcToolbox\Toolboxes\Data Management Tools.tbx\Append" Date="20171207" Time="105003">Append G:\\load\\en\\GEO\\2017\\spatial\geo_2017_d_01000_140_00_py_z1-20171010104705.shp E:\code\Spatial\Connections\OPS$GEODATA_D2CS01.sde\GEO2017_TRACT_P2G0_A TEST # #</Process><Process ToolSource="e:\program files (x86)\arcgis\desktop10.3\ArcToolbox\Toolboxes\Data Management Tools.tbx\Append" Date="20171208" Time="111948">Append G:\\load\\en\\GEO\\2017\\spatial\geo_2017_d_05000_140_00_py_z1-20171010104705.shp E:\code\Spatial\Connections\OPS$GEODATA_D2CS01.sde\GEO2017_TRACT_P2G0_A TEST # #</Process><Process ToolSource="e:\program files (x86)\arcgis\desktop10.3\ArcToolbox\Toolboxes\Data Management Tools.tbx\Append" Date="20171208" Time="112106">Append G:\\load\\en\\GEO\\2017\\spatial\geo_2017_d_06000_140_00_py_z1-20171010104705.shp E:\code\Spatial\Connections\OPS$GEODATA_D2CS01.sde\GEO2017_TRACT_P2G0_A TEST # #</Process><Process ToolSource="e:\program files (x86)\arcgis\desktop10.3\ArcToolbox\Toolboxes\Data Management Tools.tbx\Append" Date="20171208" Time="112216">Append G:\\load\\en\\GEO\\2017\\spatial\geo_2017_d_08000_140_00_py_z1-20171010104705.shp E:\code\Spatial\Connections\OPS$GEODATA_D2CS01.sde\GEO2017_TRACT_P2G0_A TEST # #</Process><Process ToolSource="e:\program files (x86)\arcgis\desktop10.3\ArcToolbox\Toolboxes\Data Management Tools.tbx\Append" Date="20171208" Time="112329">Append G:\\load\\en\\GEO\\2017\\spatial\geo_2017_d_09000_140_00_py_z1-20171010104705.shp E:\code\Spatial\Connections\OPS$GEODATA_D2CS01.sde\GEO2017_TRACT_P2G0_A TEST # #</Process><Process ToolSource="e:\program files (x86)\arcgis\desktop10.3\ArcToolbox\Toolboxes\Data Management Tools.tbx\Append" Date="20171208" Time="112437">Append G:\\load\\en\\GEO\\2017\\spatial\geo_2017_d_10000_140_00_py_z1-20171010104705.shp E:\code\Spatial\Connections\OPS$GEODATA_D2CS01.sde\GEO2017_TRACT_P2G0_A TEST # #</Process><Process ToolSource="e:\program files (x86)\arcgis\desktop10.3\ArcToolbox\Toolboxes\Data Management Tools.tbx\Append" Date="20171208" Time="112547">Append G:\\load\\en\\GEO\\2017\\spatial\geo_2017_d_11000_140_00_py_z1-20171010104705.shp E:\code\Spatial\Connections\OPS$GEODATA_D2CS01.sde\GEO2017_TRACT_P2G0_A TEST # #</Process><Process ToolSource="e:\program files (x86)\arcgis\desktop10.3\ArcToolbox\Toolboxes\Data Management Tools.tbx\Append" Date="20171208" Time="112700">Append G:\\load\\en\\GEO\\2017\\spatial\geo_2017_d_12000_140_00_py_z1-20171010104705.shp E:\code\Spatial\Connections\OPS$GEODATA_D2CS01.sde\GEO2017_TRACT_P2G0_A TEST # #</Process><Process ToolSource="e:\program files (x86)\arcgis\desktop10.3\ArcToolbox\Toolboxes\Data Management Tools.tbx\Append" Date="20171208" Time="112811">Append G:\\load\\en\\GEO\\2017\\spatial\geo_2017_d_13000_140_00_py_z1-20171010104705.shp E:\code\Spatial\Connections\OPS$GEODATA_D2CS01.sde\GEO2017_TRACT_P2G0_A TEST # #</Process><Process ToolSource="e:\program files (x86)\arcgis\desktop10.3\ArcToolbox\Toolboxes\Data Management Tools.tbx\Append" Date="20171208" Time="112920">Append G:\\load\\en\\GEO\\2017\\spatial\geo_2017_d_15000_140_00_py_z1-20171010104705.shp E:\code\Spatial\Connections\OPS$GEODATA_D2CS01.sde\GEO2017_TRACT_P2G0_A TEST # #</Process><Process ToolSource="e:\program files (x86)\arcgis\desktop10.3\ArcToolbox\Toolboxes\Data Management Tools.tbx\Append" Date="20171208" Time="113029">Append G:\\load\\en\\GEO\\2017\\spatial\geo_2017_d_16000_140_00_py_z1-20171010104705.shp E:\code\Spatial\Connections\OPS$GEODATA_D2CS01.sde\GEO2017_TRACT_P2G0_A TEST # #</Process><Process ToolSource="e:\program files (x86)\arcgis\desktop10.3\ArcToolbox\Toolboxes\Data Management Tools.tbx\Append" Date="20171208" Time="113145">Append G:\\load\\en\\GEO\\2017\\spatial\geo_2017_d_17000_140_00_py_z1-20171010104705.shp E:\code\Spatial\Connections\OPS$GEODATA_D2CS01.sde\GEO2017_TRACT_P2G0_A TEST # #</Process><Process ToolSource="e:\program files (x86)\arcgis\desktop10.3\ArcToolbox\Toolboxes\Data Management Tools.tbx\Append" Date="20171208" Time="113255">Append G:\\load\\en\\GEO\\2017\\spatial\geo_2017_d_18000_140_00_py_z1-20171010104705.shp E:\code\Spatial\Connections\OPS$GEODATA_D2CS01.sde\GEO2017_TRACT_P2G0_A TEST # #</Process><Process ToolSource="e:\program files (x86)\arcgis\desktop10.3\ArcToolbox\Toolboxes\Data Management Tools.tbx\Append" Date="20171208" Time="113405">Append G:\\load\\en\\GEO\\2017\\spatial\geo_2017_d_19000_140_00_py_z1-20171010104705.shp E:\code\Spatial\Connections\OPS$GEODATA_D2CS01.sde\GEO2017_TRACT_P2G0_A TEST # #</Process><Process ToolSource="e:\program files (x86)\arcgis\desktop10.3\ArcToolbox\Toolboxes\Data Management Tools.tbx\Append" Date="20171208" Time="113514">Append G:\\load\\en\\GEO\\2017\\spatial\geo_2017_d_20000_140_00_py_z1-20171010104705.shp E:\code\Spatial\Connections\OPS$GEODATA_D2CS01.sde\GEO2017_TRACT_P2G0_A TEST # #</Process><Process ToolSource="e:\program files (x86)\arcgis\desktop10.3\ArcToolbox\Toolboxes\Data Management Tools.tbx\Append" Date="20171208" Time="113626">Append G:\\load\\en\\GEO\\2017\\spatial\geo_2017_d_21000_140_00_py_z1-20171010104705.shp E:\code\Spatial\Connections\OPS$GEODATA_D2CS01.sde\GEO2017_TRACT_P2G0_A TEST # #</Process><Process ToolSource="e:\program files (x86)\arcgis\desktop10.3\ArcToolbox\Toolboxes\Data Management Tools.tbx\Append" Date="20171208" Time="113737">Append G:\\load\\en\\GEO\\2017\\spatial\geo_2017_d_22000_140_00_py_z1-20171010104705.shp E:\code\Spatial\Connections\OPS$GEODATA_D2CS01.sde\GEO2017_TRACT_P2G0_A TEST # #</Process><Process ToolSource="e:\program files (x86)\arcgis\desktop10.3\ArcToolbox\Toolboxes\Data Management Tools.tbx\Append" Date="20171208" Time="113848">Append G:\\load\\en\\GEO\\2017\\spatial\geo_2017_d_23000_140_00_py_z1-20171010104705.shp E:\code\Spatial\Connections\OPS$GEODATA_D2CS01.sde\GEO2017_TRACT_P2G0_A TEST # #</Process><Process ToolSource="e:\program files (x86)\arcgis\desktop10.3\ArcToolbox\Toolboxes\Data Management Tools.tbx\Append" Date="20171208" Time="113959">Append G:\\load\\en\\GEO\\2017\\spatial\geo_2017_d_24000_140_00_py_z1-20171010104705.shp E:\code\Spatial\Connections\OPS$GEODATA_D2CS01.sde\GEO2017_TRACT_P2G0_A TEST # #</Process><Process ToolSource="e:\program files (x86)\arcgis\desktop10.3\ArcToolbox\Toolboxes\Data Management Tools.tbx\Append" Date="20171208" Time="114110">Append G:\\load\\en\\GEO\\2017\\spatial\geo_2017_d_25000_140_00_py_z1-20171010104705.shp E:\code\Spatial\Connections\OPS$GEODATA_D2CS01.sde\GEO2017_TRACT_P2G0_A TEST # #</Process><Process ToolSource="e:\program files (x86)\arcgis\desktop10.3\ArcToolbox\Toolboxes\Data Management Tools.tbx\Append" Date="20171208" Time="114232">Append G:\\load\\en\\GEO\\2017\\spatial\geo_2017_d_26000_140_00_py_z1-20171010104705.shp E:\code\Spatial\Connections\OPS$GEODATA_D2CS01.sde\GEO2017_TRACT_P2G0_A TEST # #</Process><Process ToolSource="e:\program files (x86)\arcgis\desktop10.3\ArcToolbox\Toolboxes\Data Management Tools.tbx\Append" Date="20171208" Time="114344">Append G:\\load\\en\\GEO\\2017\\spatial\geo_2017_d_27000_140_00_py_z1-20171010104705.shp E:\code\Spatial\Connections\OPS$GEODATA_D2CS01.sde\GEO2017_TRACT_P2G0_A TEST # #</Process><Process ToolSource="e:\program files (x86)\arcgis\desktop10.3\ArcToolbox\Toolboxes\Data Management Tools.tbx\Append" Date="20171208" Time="114456">Append G:\\load\\en\\GEO\\2017\\spatial\geo_2017_d_28000_140_00_py_z1-20171010104705.shp E:\code\Spatial\Connections\OPS$GEODATA_D2CS01.sde\GEO2017_TRACT_P2G0_A TEST # #</Process><Process ToolSource="e:\program files (x86)\arcgis\desktop10.3\ArcToolbox\Toolboxes\Data Management Tools.tbx\Append" Date="20171208" Time="114607">Append G:\\load\\en\\GEO\\2017\\spatial\geo_2017_d_29000_140_00_py_z1-20171010104705.shp E:\code\Spatial\Connections\OPS$GEODATA_D2CS01.sde\GEO2017_TRACT_P2G0_A TEST # #</Process><Process ToolSource="e:\program files (x86)\arcgis\desktop10.3\ArcToolbox\Toolboxes\Data Management Tools.tbx\Append" Date="20171208" Time="114719">Append G:\\load\\en\\GEO\\2017\\spatial\geo_2017_d_30000_140_00_py_z1-20171010104705.shp E:\code\Spatial\Connections\OPS$GEODATA_D2CS01.sde\GEO2017_TRACT_P2G0_A TEST # #</Process><Process ToolSource="e:\program files (x86)\arcgis\desktop10.3\ArcToolbox\Toolboxes\Data Management Tools.tbx\Append" Date="20171208" Time="114832">Append G:\\load\\en\\GEO\\2017\\spatial\geo_2017_d_31000_140_00_py_z1-20171010104705.shp E:\code\Spatial\Connections\OPS$GEODATA_D2CS01.sde\GEO2017_TRACT_P2G0_A TEST # #</Process><Process ToolSource="e:\program files (x86)\arcgis\desktop10.3\ArcToolbox\Toolboxes\Data Management Tools.tbx\Append" Date="20171208" Time="114949">Append G:\\load\\en\\GEO\\2017\\spatial\geo_2017_d_32000_140_00_py_z1-20171010104705.shp E:\code\Spatial\Connections\OPS$GEODATA_D2CS01.sde\GEO2017_TRACT_P2G0_A TEST # #</Process><Process ToolSource="e:\program files (x86)\arcgis\desktop10.3\ArcToolbox\Toolboxes\Data Management Tools.tbx\Append" Date="20171208" Time="115059">Append G:\\load\\en\\GEO\\2017\\spatial\geo_2017_d_33000_140_00_py_z1-20171010104705.shp E:\code\Spatial\Connections\OPS$GEODATA_D2CS01.sde\GEO2017_TRACT_P2G0_A TEST # #</Process><Process ToolSource="e:\program files (x86)\arcgis\desktop10.3\ArcToolbox\Toolboxes\Data Management Tools.tbx\Append" Date="20171208" Time="115210">Append G:\\load\\en\\GEO\\2017\\spatial\geo_2017_d_34000_140_00_py_z1-20171010104705.shp E:\code\Spatial\Connections\OPS$GEODATA_D2CS01.sde\GEO2017_TRACT_P2G0_A TEST # #</Process><Process ToolSource="e:\program files (x86)\arcgis\desktop10.3\ArcToolbox\Toolboxes\Data Management Tools.tbx\Append" Date="20171208" Time="115322">Append G:\\load\\en\\GEO\\2017\\spatial\geo_2017_d_35000_140_00_py_z1-20171010104705.shp E:\code\Spatial\Connections\OPS$GEODATA_D2CS01.sde\GEO2017_TRACT_P2G0_A TEST # #</Process><Process ToolSource="e:\program files (x86)\arcgis\desktop10.3\ArcToolbox\Toolboxes\Data Management Tools.tbx\Append" Date="20171208" Time="115438">Append G:\\load\\en\\GEO\\2017\\spatial\geo_2017_d_36000_140_00_py_z1-20171010104705.shp E:\code\Spatial\Connections\OPS$GEODATA_D2CS01.sde\GEO2017_TRACT_P2G0_A TEST # #</Process><Process ToolSource="e:\program files (x86)\arcgis\desktop10.3\ArcToolbox\Toolboxes\Data Management Tools.tbx\Append" Date="20171208" Time="115553">Append G:\\load\\en\\GEO\\2017\\spatial\geo_2017_d_37000_140_00_py_z1-20171010104705.shp E:\code\Spatial\Connections\OPS$GEODATA_D2CS01.sde\GEO2017_TRACT_P2G0_A TEST # #</Process><Process ToolSource="e:\program files (x86)\arcgis\desktop10.3\ArcToolbox\Toolboxes\Data Management Tools.tbx\Append" Date="20171208" Time="115704">Append G:\\load\\en\\GEO\\2017\\spatial\geo_2017_d_38000_140_00_py_z1-20171010104705.shp E:\code\Spatial\Connections\OPS$GEODATA_D2CS01.sde\GEO2017_TRACT_P2G0_A TEST # #</Process><Process ToolSource="e:\program files (x86)\arcgis\desktop10.3\ArcToolbox\Toolboxes\Data Management Tools.tbx\Append" Date="20171208" Time="115818">Append G:\\load\\en\\GEO\\2017\\spatial\geo_2017_d_39000_140_00_py_z1-20171010104705.shp E:\code\Spatial\Connections\OPS$GEODATA_D2CS01.sde\GEO2017_TRACT_P2G0_A TEST # #</Process><Process ToolSource="e:\program files (x86)\arcgis\desktop10.3\ArcToolbox\Toolboxes\Data Management Tools.tbx\Append" Date="20171208" Time="115933">Append G:\\load\\en\\GEO\\2017\\spatial\geo_2017_d_40000_140_00_py_z1-20171010104705.shp E:\code\Spatial\Connections\OPS$GEODATA_D2CS01.sde\GEO2017_TRACT_P2G0_A TEST # #</Process><Process ToolSource="e:\program files (x86)\arcgis\desktop10.3\ArcToolbox\Toolboxes\Data Management Tools.tbx\Append" Date="20171208" Time="120048">Append G:\\load\\en\\GEO\\2017\\spatial\geo_2017_d_41000_140_00_py_z1-20171010104705.shp E:\code\Spatial\Connections\OPS$GEODATA_D2CS01.sde\GEO2017_TRACT_P2G0_A TEST # #</Process><Process ToolSource="e:\program files (x86)\arcgis\desktop10.3\ArcToolbox\Toolboxes\Data Management Tools.tbx\Append" Date="20171208" Time="120206">Append G:\\load\\en\\GEO\\2017\\spatial\geo_2017_d_42000_140_00_py_z1-20171010104705.shp E:\code\Spatial\Connections\OPS$GEODATA_D2CS01.sde\GEO2017_TRACT_P2G0_A TEST # #</Process><Process ToolSource="e:\program files (x86)\arcgis\desktop10.3\ArcToolbox\Toolboxes\Data Management Tools.tbx\Append" Date="20171208" Time="120318">Append G:\\load\\en\\GEO\\2017\\spatial\geo_2017_d_44000_140_00_py_z1-20171010104705.shp E:\code\Spatial\Connections\OPS$GEODATA_D2CS01.sde\GEO2017_TRACT_P2G0_A TEST # #</Process><Process ToolSource="e:\program files (x86)\arcgis\desktop10.3\ArcToolbox\Toolboxes\Data Management Tools.tbx\Append" Date="20171208" Time="120432">Append G:\\load\\en\\GEO\\2017\\spatial\geo_2017_d_45000_140_00_py_z1-20171010104705.shp E:\code\Spatial\Connections\OPS$GEODATA_D2CS01.sde\GEO2017_TRACT_P2G0_A TEST # #</Process><Process ToolSource="e:\program files (x86)\arcgis\desktop10.3\ArcToolbox\Toolboxes\Data Management Tools.tbx\Append" Date="20171208" Time="120545">Append G:\\load\\en\\GEO\\2017\\spatial\geo_2017_d_46000_140_00_py_z1-20171010104705.shp E:\code\Spatial\Connections\OPS$GEODATA_D2CS01.sde\GEO2017_TRACT_P2G0_A TEST # #</Process><Process ToolSource="e:\program files (x86)\arcgis\desktop10.3\ArcToolbox\Toolboxes\Data Management Tools.tbx\Append" Date="20171208" Time="120658">Append G:\\load\\en\\GEO\\2017\\spatial\geo_2017_d_47000_140_00_py_z1-20171010104705.shp E:\code\Spatial\Connections\OPS$GEODATA_D2CS01.sde\GEO2017_TRACT_P2G0_A TEST # #</Process><Process ToolSource="e:\program files (x86)\arcgis\desktop10.3\ArcToolbox\Toolboxes\Data Management Tools.tbx\Append" Date="20171208" Time="120818">Append G:\\load\\en\\GEO\\2017\\spatial\geo_2017_d_48000_140_00_py_z1-20171010104705.shp E:\code\Spatial\Connections\OPS$GEODATA_D2CS01.sde\GEO2017_TRACT_P2G0_A TEST # #</Process><Process ToolSource="e:\program files (x86)\arcgis\desktop10.3\ArcToolbox\Toolboxes\Data Management Tools.tbx\Append" Date="20171208" Time="120933">Append G:\\load\\en\\GEO\\2017\\spatial\geo_2017_d_49000_140_00_py_z1-20171010104705.shp E:\code\Spatial\Connections\OPS$GEODATA_D2CS01.sde\GEO2017_TRACT_P2G0_A TEST # #</Process><Process ToolSource="e:\program files (x86)\arcgis\desktop10.3\ArcToolbox\Toolboxes\Data Management Tools.tbx\Append" Date="20171208" Time="121046">Append G:\\load\\en\\GEO\\2017\\spatial\geo_2017_d_50000_140_00_py_z1-20171010104705.shp E:\code\Spatial\Connections\OPS$GEODATA_D2CS01.sde\GEO2017_TRACT_P2G0_A TEST # #</Process><Process ToolSource="e:\program files (x86)\arcgis\desktop10.3\ArcToolbox\Toolboxes\Data Management Tools.tbx\Append" Date="20171208" Time="121202">Append G:\\load\\en\\GEO\\2017\\spatial\geo_2017_d_51000_140_00_py_z1-20171010104705.shp E:\code\Spatial\Connections\OPS$GEODATA_D2CS01.sde\GEO2017_TRACT_P2G0_A TEST # #</Process><Process ToolSource="e:\program files (x86)\arcgis\desktop10.3\ArcToolbox\Toolboxes\Data Management Tools.tbx\Append" Date="20171208" Time="121318">Append G:\\load\\en\\GEO\\2017\\spatial\geo_2017_d_53000_140_00_py_z1-20171010104705.shp E:\code\Spatial\Connections\OPS$GEODATA_D2CS01.sde\GEO2017_TRACT_P2G0_A TEST # #</Process><Process ToolSource="e:\program files (x86)\arcgis\desktop10.3\ArcToolbox\Toolboxes\Data Management Tools.tbx\Append" Date="20171208" Time="121433">Append G:\\load\\en\\GEO\\2017\\spatial\geo_2017_d_54000_140_00_py_z1-20171010104705.shp E:\code\Spatial\Connections\OPS$GEODATA_D2CS01.sde\GEO2017_TRACT_P2G0_A TEST # #</Process><Process ToolSource="e:\program files (x86)\arcgis\desktop10.3\ArcToolbox\Toolboxes\Data Management Tools.tbx\Append" Date="20171208" Time="121549">Append G:\\load\\en\\GEO\\2017\\spatial\geo_2017_d_55000_140_00_py_z1-20171010104705.shp E:\code\Spatial\Connections\OPS$GEODATA_D2CS01.sde\GEO2017_TRACT_P2G0_A TEST # #</Process><Process ToolSource="e:\program files (x86)\arcgis\desktop10.3\ArcToolbox\Toolboxes\Data Management Tools.tbx\Append" Date="20171208" Time="121704">Append G:\\load\\en\\GEO\\2017\\spatial\geo_2017_d_56000_140_00_py_z1-20171010104705.shp E:\code\Spatial\Connections\OPS$GEODATA_D2CS01.sde\GEO2017_TRACT_P2G0_A TEST # #</Process><Process ToolSource="e:\program files (x86)\arcgis\desktop10.3\ArcToolbox\Toolboxes\Data Management Tools.tbx\Append" Date="20171208" Time="121818">Append G:\\load\\en\\GEO\\2017\\spatial\geo_2017_d_60000_140_00_py_z1-20171010104705.shp E:\code\Spatial\Connections\OPS$GEODATA_D2CS01.sde\GEO2017_TRACT_P2G0_A TEST # #</Process><Process ToolSource="e:\program files (x86)\arcgis\desktop10.3\ArcToolbox\Toolboxes\Data Management Tools.tbx\Append" Date="20171208" Time="121932">Append G:\\load\\en\\GEO\\2017\\spatial\geo_2017_d_66000_140_00_py_z1-20171010104705.shp E:\code\Spatial\Connections\OPS$GEODATA_D2CS01.sde\GEO2017_TRACT_P2G0_A TEST # #</Process><Process ToolSource="e:\program files (x86)\arcgis\desktop10.3\ArcToolbox\Toolboxes\Data Management Tools.tbx\Append" Date="20171208" Time="122044">Append G:\\load\\en\\GEO\\2017\\spatial\geo_2017_d_69000_140_00_py_z1-20171010104705.shp E:\code\Spatial\Connections\OPS$GEODATA_D2CS01.sde\GEO2017_TRACT_P2G0_A TEST # #</Process><Process ToolSource="e:\program files (x86)\arcgis\desktop10.3\ArcToolbox\Toolboxes\Data Management Tools.tbx\Append" Date="20171208" Time="122158">Append G:\\load\\en\\GEO\\2017\\spatial\geo_2017_d_72000_140_00_py_z1-20171010104705.shp E:\code\Spatial\Connections\OPS$GEODATA_D2CS01.sde\GEO2017_TRACT_P2G0_A TEST # #</Process><Process ToolSource="e:\program files (x86)\arcgis\desktop10.3\ArcToolbox\Toolboxes\Data Management Tools.tbx\Append" Date="20171208" Time="122311">Append G:\\load\\en\\GEO\\2017\\spatial\geo_2017_d_78000_140_00_py_z1-20171010104705.shp E:\code\Spatial\Connections\OPS$GEODATA_D2CS01.sde\GEO2017_TRACT_P2G0_A TEST # #</Process><Process ToolSource="e:\program files (x86)\arcgis\desktop10.3\ArcToolbox\Toolboxes\Data Management Tools.tbx\Append" Date="20171208" Time="122806">Append G:\\load\\en\\GEO\\2017\\spatial\geo_2017_d_04000_140_00_py_z1-20171010104705.shp E:\code\Spatial\Connections\OPS$GEODATA_D2CS01.sde\GEO2017_TRACT_P2G0_A TEST # #</Process><Process ToolSource="e:\program files (x86)\arcgis\desktop10.3\ArcToolbox\Toolboxes\Data Management Tools.tbx\Append" Date="20171208" Time="122903">Append G:\\load\\en\\GEO\\2017\\spatial\geo_2017_d_01000_140_00_py_z1-20171010104705.shp E:\code\Spatial\Connections\OPS$GEODATA_D2CS01.sde\GEO2017_TRACT_P2G0_A TEST # #</Process><Process ToolSource="e:\program files (x86)\arcgis\desktop10.3\ArcToolbox\Toolboxes\Data Management Tools.tbx\RemoveSpatialIndex" Date="20171211" Time="095049">RemoveSpatialIndex E:\code\Spatial\Connections\OPS$GEODATA_D2CS01.sde\GEO2017_TRACT_P2G0_A</Process><Process ToolSource="e:\program files (x86)\arcgis\desktop10.3\ArcToolbox\Toolboxes\Data Management Tools.tbx\AddSpatialIndex" Date="20171211" Time="095100">AddSpatialIndex E:\code\Spatial\Connections\OPS$GEODATA_D2CS01.sde\GEO2017_TRACT_P2G0_A 79000 7031000 0</Process><Process ToolSource="e:\program files (x86)\arcgis\desktop10.3\ArcToolbox\Toolboxes\Data Management Tools.tbx\RemoveSpatialIndex" Date="20171227" Time="162540">RemoveSpatialIndex E:\code\Spatial\Connections\OPS$GEODATA_D2CS01.sde\GEO2017_TRACT_P2G0_A</Process><Process ToolSource="e:\program files (x86)\arcgis\desktop10.3\ArcToolbox\Toolboxes\Data Management Tools.tbx\AddSpatialIndex" Date="20171227" Time="162550">AddSpatialIndex E:\code\Spatial\Connections\OPS$GEODATA_D2CS01.sde\GEO2017_TRACT_P2G0_A 79000 7031000 0</Process><Process ToolSource="e:\program files (x86)\arcgis\desktop10.3\ArcToolbox\Toolboxes\Data Management Tools.tbx\RemoveSpatialIndex" Date="20180525" Time="114308">RemoveSpatialIndex E:\code\Spatial\Connections\OPS$GEODATA_D2CS01.sde\GEO2017_TRACT_P2G0_A</Process><Process ToolSource="e:\program files (x86)\arcgis\desktop10.3\ArcToolbox\Toolboxes\Data Management Tools.tbx\AddSpatialIndex" Date="20180525" Time="114318">AddSpatialIndex E:\code\Spatial\Connections\OPS$GEODATA_D2CS01.sde\GEO2017_TRACT_P2G0_A 79000 7031000 0</Process></lineage><itemProps><itemName Sync="TRUE">EUS0</itemName><imsContentType Sync="TRUE">002</imsContentType><itemSize Sync="TRUE">0.000</itemSize><itemLocation><linkage Sync="TRUE">file://\\DADSB311\E\arcgisserver\directories\arcgisjobs\shapedownload_gpserver\jebf9670757c249869e0b15716cdef47a\scratch\EUS0.shp</linkage><protocol Sync="TRUE">Local Area Network</protocol></itemLocation></itemProps><coordRef><type Sync="TRUE">Projected</type><geogcsn Sync="TRUE">GCS_WGS_1984</geogcsn><csUnits Sync="TRUE">Linear Unit: Meter (1.000000)</csUnits><projcsn Sync="TRUE">WGS_1984_Web_Mercator_Auxiliary_Sphere</projcsn><peXml Sync="TRUE">&lt;ProjectedCoordinateSystem xsi:type='typens:ProjectedCoordinateSystem' xmlns:xsi='http://www.w3.org/2001/XMLSchema-instance' xmlns:xs='http://www.w3.org/2001/XMLSchema' xmlns:typens='http://www.esri.com/schemas/ArcGIS/10.5'&gt;&lt;WKT&gt;PROJCS[&amp;quot;WGS_1984_Web_Mercator_Auxiliary_Sphere&amp;quot;,GEOGCS[&amp;quot;GCS_WGS_1984&amp;quot;,DATUM[&amp;quot;D_WGS_1984&amp;quot;,SPHEROID[&amp;quot;WGS_1984&amp;quot;,6378137.0,298.257223563]],PRIMEM[&amp;quot;Greenwich&amp;quot;,0.0],UNIT[&amp;quot;Degree&amp;quot;,0.0174532925199433]],PROJECTION[&amp;quot;Mercator_Auxiliary_Sphere&amp;quot;],PARAMETER[&amp;quot;False_Easting&amp;quot;,0.0],PARAMETER[&amp;quot;False_Northing&amp;quot;,0.0],PARAMETER[&amp;quot;Central_Meridian&amp;quot;,0.0],PARAMETER[&amp;quot;Standard_Parallel_1&amp;quot;,0.0],PARAMETER[&amp;quot;Auxiliary_Sphere_Type&amp;quot;,0.0],UNIT[&amp;quot;Meter&amp;quot;,1.0],AUTHORITY[&amp;quot;EPSG&amp;quot;,3857]]&lt;/WKT&gt;&lt;XOrigin&gt;-20037700&lt;/XOrigin&gt;&lt;YOrigin&gt;-30241100&lt;/YOrigin&gt;&lt;XYScale&gt;148923141.92838538&lt;/XYScale&gt;&lt;ZOrigin&gt;-100000&lt;/ZOrigin&gt;&lt;ZScale&gt;10000&lt;/ZScale&gt;&lt;MOrigin&gt;-100000&lt;/MOrigin&gt;&lt;MScale&gt;10000&lt;/MScale&gt;&lt;XYTolerance&gt;0.001&lt;/XYTolerance&gt;&lt;ZTolerance&gt;0.001&lt;/ZTolerance&gt;&lt;MTolerance&gt;0.001&lt;/MTolerance&gt;&lt;HighPrecision&gt;true&lt;/HighPrecision&gt;&lt;WKID&gt;102100&lt;/WKID&gt;&lt;LatestWKID&gt;3857&lt;/LatestWKID&gt;&lt;/ProjectedCoordinateSystem&gt;</peXml></coordRef></DataProperties><SyncDate>20190409</SyncDate><SyncTime>22470200</SyncTime><ModDate>20190409</ModDate><ModTime>22470200</ModTime></Esri><dataIdInfo><envirDesc Sync="TRUE">Microsoft Windows Server 2008 R2 Version 6.1 (Build 7601) Service Pack 1; Esri ArcGIS 10.5.1.7333</envirDesc><dataLang><languageCode value="eng" Sync="TRUE"></languageCode><countryCode value="USA" Sync="TRUE"></countryCode></dataLang><idCitation><resTitle Sync="TRUE">EUS0</resTitle><presForm><PresFormCd value="005" Sync="TRUE"></PresFormCd></presForm></idCitation><spatRpType><SpatRepTypCd value="001" Sync="TRUE"></SpatRepTypCd></spatRpType></dataIdInfo><mdLang><languageCode value="eng" Sync="TRUE"></languageCode><countryCode value="USA" Sync="TRUE"></countryCode></mdLang><distInfo><distFormat><formatName Sync="TRUE">Shapefile</formatName></distFormat><distTranOps><transSize Sync="TRUE">0.000</transSize></distTranOps></distInfo><mdHrLv><ScopeCd value="005" Sync="TRUE"></ScopeCd></mdHrLv><mdHrLvName Sync="TRUE">dataset</mdHrLvName><refSysInfo><RefSystem><refSysID><identCode code="3857" Sync="TRUE"></identCode><idCodeSpace Sync="TRUE">EPSG</idCodeSpace><idVersion Sync="TRUE">8.8(9.3.1.2)</idVersion></refSysID></RefSystem></refSysInfo><spatRepInfo><VectSpatRep><geometObjs Name="EUS0"><geoObjTyp><GeoObjTypCd value="002" Sync="TRUE"></GeoObjTypCd></geoObjTyp><geoObjCnt Sync="TRUE">0</geoObjCnt></geometObjs><topLvl><TopoLevCd value="001" Sync="TRUE"></TopoLevCd></topLvl></VectSpatRep></spatRepInfo><spdoinfo><ptvctinf><esriterm Name="EUS0"><efeatyp Sync="TRUE">Simple</efeatyp><efeageom code="4" Sync="TRUE"></efeageom><esritopo Sync="TRUE">FALSE</esritopo><efeacnt Sync="TRUE">0</efeacnt><spindex Sync="TRUE">FALSE</spindex><linrefer Sync="TRUE">FALSE</linrefer></esriterm></ptvctinf></spdoinfo><eainfo><detailed Name="EUS0"><enttyp><enttypl Sync="TRUE">EUS0</enttypl><enttypt Sync="TRUE">Feature Class</enttypt><enttypc Sync="TRUE">0</enttypc></enttyp><attr><attrlabl Sync="TRUE">FID</attrlabl><attalias Sync="TRUE">FID</attalias><attrtype Sync="TRUE">OID</attrtype><attwidth Sync="TRUE">4</attwidth><atprecis Sync="TRUE">0</atprecis><attscale Sync="TRUE">0</attscale><attrdef Sync="TRUE">Internal feature number.</attrdef><attrdefs Sync="TRUE">Esri</attrdefs><attrdomv><udom Sync="TRUE">Sequential unique whole numbers that are automatically generated.</udom></attrdomv></attr><attr><attrlabl Sync="TRUE">Shape</attrlabl><attalias Sync="TRUE">Shape</attalias><attrtype Sync="TRUE">Geometry</attrtype><attwidth Sync="TRUE">0</attwidth><atprecis Sync="TRUE">0</atprecis><attscale Sync="TRUE">0</attscale><attrdef Sync="TRUE">Feature geometry.</attrdef><attrdefs Sync="TRUE">Esri</attrdefs><attrdomv><udom Sync="TRUE">Coordinates defining the features.</udom></attrdomv></attr><attr><attrlabl Sync="TRUE">GEO_ID</attrlabl><attalias Sync="TRUE">GEO_ID</attalias><attrtype Sync="TRUE">String</attrtype><attwidth Sync="TRUE">60</attwidth><atprecis Sync="TRUE">0</atprecis><attscale Sync="TRUE">0</attscale></attr><attr><attrlabl Sync="TRUE">STATE</attrlabl><attalias Sync="TRUE">STATE</attalias><attrtype Sync="TRUE">String</attrtype><attwidth Sync="TRUE">2</attwidth><atprecis Sync="TRUE">0</atprecis><attscale Sync="TRUE">0</attscale></attr><attr><attrlabl Sync="TRUE">COUNTY</attrlabl><attalias Sync="TRUE">COUNTY</attalias><attrtype Sync="TRUE">String</attrtype><attwidth Sync="TRUE">3</attwidth><atprecis Sync="TRUE">0</atprecis><attscale Sync="TRUE">0</attscale></attr><attr><attrlabl Sync="TRUE">TRACT</attrlabl><attalias Sync="TRUE">TRACT</attalias><attrtype Sync="TRUE">String</attrtype><attwidth Sync="TRUE">6</attwidth><atprecis Sync="TRUE">0</atprecis><attscale Sync="TRUE">0</attscale></attr><attr><attrlabl Sync="TRUE">NAME</attrlabl><attalias Sync="TRUE">NAME</attalias><attrtype Sync="TRUE">String</attrtype><attwidth Sync="TRUE">90</attwidth><atprecis Sync="TRUE">0</atprecis><attscale Sync="TRUE">0</attscale></attr><attr><attrlabl Sync="TRUE">LSAD</attrlabl><attalias Sync="TRUE">LSAD</attalias><attrtype Sync="TRUE">String</attrtype><attwidth Sync="TRUE">7</attwidth><atprecis Sync="TRUE">0</atprecis><attscale Sync="TRUE">0</attscale></attr><attr><attrlabl Sync="TRUE">SHAPE_AREA</attrlabl><attalias Sync="TRUE">SHAPE_AREA</attalias><attrtype Sync="TRUE">Double</attrtype><attwidth Sync="TRUE">19</attwidth><atprecis Sync="TRUE">0</atprecis><attscale Sync="TRUE">0</attscale><attrdef Sync="TRUE">Area of feature in internal units squared.</attrdef><attrdefs Sync="TRUE">Esri</attrdefs><attrdomv><udom Sync="TRUE">Positive real numbers that are automatically generated.</udom></attrdomv></attr><attr><attrlabl Sync="TRUE">SHAPE_LEN</attrlabl><attalias Sync="TRUE">SHAPE_LEN</attalias><attrtype Sync="TRUE">Double</attrtype><attwidth Sync="TRUE">19</attwidth><atprecis Sync="TRUE">0</atprecis><attscale Sync="TRUE">0</attscale></attr></detailed></eainfo><mdDateSt Sync="TRUE">20190409</mdDateSt></metadata>
